{
  "spot": 600.78,
  "spot_date": "2026-05-11",
  "sma20": 647.17,
  "sma50": 625.6,
  "sma100": 641.15,
  "sma200": 675.3,
  "rsi14": 26.66,
  "macd": -6.1271,
  "macd_signal": 0.9135,
  "macd_hist": -7.0406,
  "atr14": 10.41,
  "high_52w": 790.0,
  "low_52w": 525.72,
  "drawdown_from_52w_high_pct": -23.95,
  "pct_above_sma200_pct": -11.03,
  "pct_above_sma50_pct": -3.97,
  "sma50_above_sma200": false,
  "price_30d_change_pct": -5.318897451657135,
  "price_60d_change_pct": -2.106858288116542,
  "price_90d_change_pct": -7.545282467182712,
  "price_1y_change_pct": 0.46320295647228615
}