{
  "spot": 323.86,
  "spot_date": "2026-05-11",
  "sma20": 317.81,
  "sma50": 311.58,
  "sma100": 322.66,
  "sma200": 331.81,
  "rsi14": 62.31,
  "macd": 3.5382,
  "macd_signal": 3.3033,
  "macd_hist": 0.2349,
  "atr14": 4.04,
  "high_52w": 373.31,
  "low_52w": 295.52,
  "drawdown_from_52w_high_pct": -13.25,
  "pct_above_sma200_pct": -2.4,
  "pct_above_sma50_pct": 3.94,
  "sma50_above_sma200": false,
  "price_30d_change_pct": 4.676944956204143,
  "price_60d_change_pct": 5.443771569968092,
  "price_90d_change_pct": -0.098710592880491,
  "price_1y_change_pct": -7.8031144134141694
}